{
    "disc_obstacles": [],
    "obstacles": [
        [
            [
                -10.0,
                10.0
            ],
            [
                -10.0,
                -10.0
            ],
            [
                -11.0,
                -10.0
            ],
            [
                -11.0,
                10.0
            ]
        ],
        [
            [
                -10.0,
                10.0
            ],
            [
                -10.0,
                11.0
            ],
            [
                10.0,
                11.0
            ],
            [
                10.0,
                10.0
            ]
        ],
        [
            [
                10.0,
                10.0
            ],
            [
                11.0,
                10.0
            ],
            [
                11.0,
                -10.0
            ],
            [
                10.0,
                -10.0
            ]
        ],
        [
            [
                10.0,
                -10.0
            ],
            [
                -10.0,
                -10.0
            ],
            [
                -10.0,
                -11.0
            ],
            [
                10.0,
                -11.0
            ]
        ],
        [
            [
                8.5,
                0.5
            ],
            [
                8.5,
                -0.5
            ],
            [
                5.5,
                -1.0
            ],
            [
                1.5,
                -2.0
            ],
            [
                0.5,
                -1.0
            ],
            [
                -5.0,
                -1.5
            ],
            [
                -5.0,
                -0.5
            ],
            [
                -9.5,
                0.0
            ],
            [
                -9.0,
                -1.5
            ],
            [
                -10.0,
                0.5
            ],
            [
                -9.0,
                1.0
            ],
            [
                -6.0,
                0.5
            ],
            [
                -3.0,
                0.5
            ],
            [
                0.0,
                1.5
            ],
            [
                2.5,
                0.5
            ],
            [
                7.5,
                1.0
            ]
        ],
        [
            [
                9.5,
                2.5
            ],
            [
                10.0,
                2.5
            ],
            [
                10.0,
                -2.5
            ],
            [
                9.5,
                -2.5
            ]
        ]
    ],
    "radii": [],
    "sources": [],
    "targets": []
}