{
    "disc_obstacles": [],
    "obstacles": [
        [
            [
                -10.0,
                10.0
            ],
            [
                -10.0,
                -10.0
            ],
            [
                -11.0,
                -10.0
            ],
            [
                -11.0,
                10.0
            ]
        ],
        [
            [
                -10.0,
                10.0
            ],
            [
                -10.0,
                11.0
            ],
            [
                10.0,
                11.0
            ],
            [
                10.0,
                10.0
            ]
        ],
        [
            [
                10.0,
                10.0
            ],
            [
                11.0,
                10.0
            ],
            [
                11.0,
                -10.0
            ],
            [
                10.0,
                -10.0
            ]
        ],
        [
            [
                10.0,
                -10.0
            ],
            [
                -10.0,
                -10.0
            ],
            [
                -10.0,
                -11.0
            ],
            [
                10.0,
                -11.0
            ]
        ],
        [
            [
                9.5,
                1.5
            ],
            [
                10.0,
                0.0
            ],
            [
                9.5,
                -1.5
            ]
        ],
        [
            [
                8.5,
                2.5
            ],
            [
                8.5,
                -2.5
            ],
            [
                -9.5,
                -2.5
            ],
            [
                -10.0,
                -2.5
            ],
            [
                -10.0,
                2.5
            ]
        ]
    ],
    "radii": [],
    "sources": [],
    "targets": []
}