{
    "disc_obstacles": [],
    "obstacles": [
        [
            [
                -10.0,
                10.0
            ],
            [
                -10.0,
                -10.0
            ],
            [
                -11.0,
                -10.0
            ],
            [
                -11.0,
                10.0
            ]
        ],
        [
            [
                -10.0,
                10.0
            ],
            [
                -10.0,
                11.0
            ],
            [
                10.0,
                11.0
            ],
            [
                10.0,
                10.0
            ]
        ],
        [
            [
                10.0,
                10.0
            ],
            [
                11.0,
                10.0
            ],
            [
                11.0,
                -10.0
            ],
            [
                10.0,
                -10.0
            ]
        ],
        [
            [
                10.0,
                -10.0
            ],
            [
                -10.0,
                -10.0
            ],
            [
                -10.0,
                -11.0
            ],
            [
                10.0,
                -11.0
            ]
        ],
        [
            [
                5.0,
                2.0
            ],
            [
                5.0,
                -2.0
            ],
            [
                4.0,
                -1.0
            ],
            [
                -10.0,
                -1.0
            ],
            [
                -10.0,
                1.0
            ],
            [
                4.0,
                1.0
            ]
        ],
        [
            [
                9.0,
                2.0
            ],
            [
                9.0,
                0.0
            ],
            [
                10.0,
                -2.0
            ],
            [
                10.0,
                1.0
            ]
        ]
    ],
    "radii": [],
    "sources": [],
    "targets": []
}