{
    "disc_obstacles": [],
    "obstacles": [
        [
            [
                -10.0,
                10.0
            ],
            [
                -10.0,
                -10.0
            ],
            [
                -11.0,
                -10.0
            ],
            [
                -11.0,
                10.0
            ]
        ],
        [
            [
                -10.0,
                10.0
            ],
            [
                -10.0,
                11.0
            ],
            [
                10.0,
                11.0
            ],
            [
                10.0,
                10.0
            ]
        ],
        [
            [
                10.0,
                10.0
            ],
            [
                11.0,
                10.0
            ],
            [
                11.0,
                -10.0
            ],
            [
                10.0,
                -10.0
            ]
        ],
        [
            [
                10.0,
                -10.0
            ],
            [
                -10.0,
                -10.0
            ],
            [
                -10.0,
                -11.0
            ],
            [
                10.0,
                -11.0
            ]
        ],
        [
            [
                6.5,
                0.5
            ],
            [
                6.5,
                -0.5
            ],
            [
                -10.0,
                -0.5
            ],
            [
                -10.0,
                0.5
            ]
        ],
        [
            [
                7.5,
                1.0
            ],
            [
                7.5,
                -1.0
            ],
            [
                10.0,
                -1.0
            ],
            [
                10.0,
                1.0
            ]
        ]
    ],
    "radii": [],
    "sources": [],
    "targets": []
}